-- phpMyAdmin SQL Dump
-- version 5.2.1
-- https://www.phpmyadmin.net/
--
-- Host: 127.0.0.1
-- Generation Time: Mar 13, 2025 at 02:37 AM
-- Server version: 10.4.32-MariaDB
-- PHP Version: 8.0.30

SET SQL_MODE = "NO_AUTO_VALUE_ON_ZERO";
START TRANSACTION;
SET time_zone = "+00:00";


/*!40101 SET @OLD_CHARACTER_SET_CLIENT=@@CHARACTER_SET_CLIENT */;
/*!40101 SET @OLD_CHARACTER_SET_RESULTS=@@CHARACTER_SET_RESULTS */;
/*!40101 SET @OLD_COLLATION_CONNECTION=@@COLLATION_CONNECTION */;
/*!40101 SET NAMES utf8mb4 */;

--
-- Database: `universitas`
--

-- --------------------------------------------------------

--
-- Table structure for table `mahasiswa`
--

CREATE TABLE `mahasiswa` (
  `id_mahasiswa` int(11) NOT NULL,
  `nama` varchar(55) NOT NULL,
  `jurusan` varchar(55) NOT NULL,
  `gender` enum('Male','Female') DEFAULT NULL
) ENGINE=InnoDB DEFAULT CHARSET=utf8mb4 COLLATE=utf8mb4_general_ci;

--
-- Dumping data for table `mahasiswa`
--

INSERT INTO `mahasiswa` (`id_mahasiswa`, `nama`, `jurusan`, `gender`) VALUES
(1, 'Zulfikar', 'Teknologi Informasi', 'Male'),
(2, 'Nayla', 'Hukum', 'Female'),
(3, 'Akbar', 'Ilmu Komunikasi', 'Male'),
(4, 'Louisse', 'Peternakan', 'Male');

-- --------------------------------------------------------

--
-- Table structure for table `matakuliah`
--

CREATE TABLE `matakuliah` (
  `id_matakuliah` int(11) NOT NULL,
  `nama_matakuliah` varchar(55) NOT NULL,
  `sks` char(5) NOT NULL
) ENGINE=InnoDB DEFAULT CHARSET=utf8mb4 COLLATE=utf8mb4_general_ci;

--
-- Dumping data for table `matakuliah`
--

INSERT INTO `matakuliah` (`id_matakuliah`, `nama_matakuliah`, `sks`) VALUES
(1, 'Kalkulus', '3'),
(2, 'Fisika Lanjut', '2');

-- --------------------------------------------------------

--
-- Table structure for table `nilai`
--

CREATE TABLE `nilai` (
  `nilai` decimal(5,2) NOT NULL,
  `id_mahasiswa` int(11) DEFAULT NULL,
  `id_matakuliah` int(11) DEFAULT NULL
) ENGINE=InnoDB DEFAULT CHARSET=utf8mb4 COLLATE=utf8mb4_general_ci;

--
-- Dumping data for table `nilai`
--

INSERT INTO `nilai` (`nilai`, `id_mahasiswa`, `id_matakuliah`) VALUES
(87.90, 4, 2),
(90.00, 4, 1),
(94.75, 3, 2),
(95.85, 3, 1),
(96.00, 2, 2),
(97.55, 2, 1),
(98.00, 1, 1),
(99.00, 1, 2);

--
-- Indexes for dumped tables
--

--
-- Indexes for table `mahasiswa`
--
ALTER TABLE `mahasiswa`
  ADD PRIMARY KEY (`id_mahasiswa`);

--
-- Indexes for table `matakuliah`
--
ALTER TABLE `matakuliah`
  ADD PRIMARY KEY (`id_matakuliah`);

--
-- Indexes for table `nilai`
--
ALTER TABLE `nilai`
  ADD PRIMARY KEY (`nilai`),
  ADD KEY `id_mahasiswa` (`id_mahasiswa`),
  ADD KEY `id_matakuliah` (`id_matakuliah`);

--
-- AUTO_INCREMENT for dumped tables
--

--
-- AUTO_INCREMENT for table `mahasiswa`
--
ALTER TABLE `mahasiswa`
  MODIFY `id_mahasiswa` int(11) NOT NULL AUTO_INCREMENT, AUTO_INCREMENT=5;

--
-- AUTO_INCREMENT for table `matakuliah`
--
ALTER TABLE `matakuliah`
  MODIFY `id_matakuliah` int(11) NOT NULL AUTO_INCREMENT, AUTO_INCREMENT=3;

--
-- Constraints for dumped tables
--

--
-- Constraints for table `nilai`
--
ALTER TABLE `nilai`
  ADD CONSTRAINT `nilai_ibfk_1` FOREIGN KEY (`id_mahasiswa`) REFERENCES `mahasiswa` (`id_mahasiswa`),
  ADD CONSTRAINT `nilai_ibfk_2` FOREIGN KEY (`id_matakuliah`) REFERENCES `matakuliah` (`id_matakuliah`);
COMMIT;

/*!40101 SET CHARACTER_SET_CLIENT=@OLD_CHARACTER_SET_CLIENT */;
/*!40101 SET CHARACTER_SET_RESULTS=@OLD_CHARACTER_SET_RESULTS */;
/*!40101 SET COLLATION_CONNECTION=@OLD_COLLATION_CONNECTION */;
